detection_id,detection_type,name,method,severity,event_time_utc,host,work_session_id,link,base_score,criticality_factor,confidence_factor,signal_score,tactics
D0007,B01,평소와 다른 시작 시각,behavior,,2026-10-05 00:07:24.593083,,S026,direct,20,1.0,1.0,20.0,
D0010,B08,평소보다 많은 양,behavior,,2026-10-05 09:02:34.163306,,S036,direct,20,1.0,1.0,20.0,
D0013,B01,평소와 다른 시작 시각,behavior,,2026-10-06 08:02:18.211383,,S050,direct,20,1.0,1.0,20.0,
D0015,B01,평소와 다른 시작 시각,behavior,,2026-10-07 01:09:25.420085,,S053,direct,20,1.0,1.0,20.0,
D0017,B01,평소와 다른 시작 시각,behavior,,2026-10-08 01:45:38.621549,,S063,direct,20,1.0,1.0,20.0,
D0026,B01,평소와 다른 시작 시각,behavior,,2026-10-14 18:12:18.120000,,S122,direct,20,1.0,1.0,20.0,
D0027,B02,처음 보는 접속 IP,behavior,,2026-10-14 18:12:18.120000,,S122,direct,20,1.0,1.0,20.0,
D0028,B03,평소와 다른 접속 경로,behavior,,2026-10-14 18:12:18.120000,,S122,direct,20,1.0,1.0,20.0,
D0029,B06,누구도 쓴 적 없는 명령,behavior,,2026-10-14 18:12:18.120000,,S122,direct,20,1.0,1.0,20.0,
D0030,B07,로그인 전 실패 첫 발생,behavior,,2026-10-14 18:12:18.120000,,S122,direct,20,1.0,1.0,20.0,
D0031,R10,실패 뒤 로그인 성공,rule,medium,2026-10-14 18:12:18.120000,bastion-01,S122,direct,30,1.5,1.0,45.0,Credential Access|Initial Access
D0032,R11,외부 IP에서 로그인 성공,rule,medium,2026-10-14 18:12:18.120000,bastion-01,S122,direct,30,1.5,1.0,45.0,Initial Access
D0033,R07,압축 파일 생성,rule,medium,2026-10-14 18:12:58.120000,app-01,S122,direct,30,1.5,1.0,45.0,Collection
D0034,R08,외부로 파일 업로드,rule,high,2026-10-14 18:13:28.120000,app-01,S122,direct,60,1.5,1.0,90.0,Exfiltration
D0035,R03,서버에서 외부로 연결,rule,medium,2026-10-14 18:13:29.120000,app-01,S122,direct,30,1.5,1.0,45.0,Command and Control
D0038,B08,평소보다 많은 양,behavior,,2026-10-15 03:39:09.088406,,S131,direct,20,1.0,1.0,20.0,
D0039,B02,처음 보는 접속 IP,behavior,,2026-10-15 05:07:03.880000,,S132,direct,20,1.0,1.0,20.0,
D0040,B03,평소와 다른 접속 경로,behavior,,2026-10-15 05:07:03.880000,,S132,direct,20,1.0,1.0,20.0,
D0041,B04,처음 보는 로그인 종류,behavior,,2026-10-15 05:07:03.880000,,S132,direct,20,1.0,1.0,20.0,
D0042,B05,처음 하는 민감 행위,behavior,,2026-10-15 05:07:03.880000,,S132,direct,20,1.0,1.0,20.0,
D0043,B08,평소보다 많은 양,behavior,,2026-10-15 05:07:03.880000,,S132,direct,20,1.0,1.0,20.0,
D0044,R11,외부 IP에서 로그인 성공,rule,medium,2026-10-15 05:07:03.880000,,S132,direct,30,1.0,1.0,30.0,Initial Access
D0045,R15,웹 경로 반복 오류,rule,medium,2026-10-15 05:07:41.000000,,S132,direct,30,1.0,1.0,30.0,Initial Access|Reconnaissance
D0046,R14,내부 관리 기능 실행,rule,high,2026-10-15 05:08:14.960000,,S132,direct,60,1.0,1.0,60.0,Execution
D0047,B09,처음 보는 시스템 활동 패턴,behavior,,2026-10-15 05:08:16.880000,web-01,S132,linked,20,1.5,0.8,24.0,
D0048,R01,웹 서버 계정의 셸·다운로드 도구 실행,rule,high,2026-10-15 05:08:16.880000,web-01,S132,linked,60,1.5,0.8,72.0,Execution|Persistence
D0049,R02,다운로드 후 바로 실행,rule,high,2026-10-15 05:08:16.880000,web-01,S132,linked,60,1.5,0.8,72.0,Command and Control|Execution
D0050,B09,처음 보는 시스템 활동 패턴,behavior,,2026-10-15 05:08:17.880000,web-01,S132,linked,20,1.5,0.8,24.0,
D0051,R01,웹 서버 계정의 셸·다운로드 도구 실행,rule,high,2026-10-15 05:08:17.880000,web-01,S132,linked,60,1.5,0.8,72.0,Execution|Persistence
D0052,B09,처음 보는 시스템 활동 패턴,behavior,,2026-10-15 05:08:18.880000,web-01,S132,linked,20,1.5,0.8,24.0,
D0053,B09,처음 보는 시스템 활동 패턴,behavior,,2026-10-15 05:08:18.880000,web-01,S132,linked,20,1.5,0.8,24.0,
D0054,R03,서버에서 외부로 연결,rule,medium,2026-10-15 05:08:18.880000,web-01,S132,linked,30,1.5,0.8,36.0,Command and Control
D0055,B01,평소와 다른 시작 시각,behavior,,2026-10-15 17:41:09.440000,,S137,direct,20,1.0,1.0,20.0,
D0056,B03,평소와 다른 접속 경로,behavior,,2026-10-15 17:41:09.440000,,S137,direct,20,1.0,1.0,20.0,
D0057,B09,처음 보는 시스템 활동 패턴,behavior,,2026-10-15 17:41:29.440000,node-01,S137,linked,20,1.0,0.8,16.0,
D0058,R02,다운로드 후 바로 실행,rule,high,2026-10-15 17:41:29.440000,node-01,S137,linked,60,1.0,0.8,48.0,Command and Control|Execution
D0059,B09,처음 보는 시스템 활동 패턴,behavior,,2026-10-15 17:41:31.440000,node-01,S137,linked,20,1.0,0.8,16.0,
D0060,B09,처음 보는 시스템 활동 패턴,behavior,,2026-10-15 17:41:32.440000,node-01,S137,linked,20,1.0,0.8,16.0,
D0061,B09,처음 보는 시스템 활동 패턴,behavior,,2026-10-15 17:41:32.440000,node-01,S137,linked,20,1.0,0.8,16.0,
D0062,R03,서버에서 외부로 연결,rule,medium,2026-10-15 17:41:32.440000,node-01,S137,linked,30,1.0,0.8,24.0,Command and Control
D0063,R06,임시 폴더의 숨김 파일 생성,rule,medium,2026-10-15 17:41:32.440000,node-01,S137,linked,30,1.0,0.8,24.0,Defense Evasion
D0064,B09,처음 보는 시스템 활동 패턴,behavior,,2026-10-15 17:42:29.440000,node-01,S137,linked,20,1.0,0.8,16.0,
D0065,R05,내부 SSH 스캔,rule,high,2026-10-15 17:42:43.440000,node-01,S137,linked,60,1.0,0.8,48.0,Discovery|Lateral Movement
D0066,B09,처음 보는 시스템 활동 패턴,behavior,,2026-10-15 17:42:50.440000,node-01,S137,linked,20,1.0,0.8,16.0,
D0067,R03,서버에서 외부로 연결,rule,medium,2026-10-15 17:42:50.440000,node-01,S137,linked,30,1.0,0.8,24.0,Command and Control
D0068,R04,비표준 포트로 외부 연결,rule,high,2026-10-15 17:42:50.440000,node-01,S137,linked,60,1.0,0.8,48.0,Command and Control
D0070,B08,평소보다 많은 양,behavior,,2026-10-16 01:50:11.576680,,S139,direct,20,1.0,1.0,20.0,
D0071,B05,처음 하는 민감 행위,behavior,,2026-10-16 06:14:29.654227,,S142,direct,20,1.0,1.0,20.0,
D0072,B08,평소보다 많은 양,behavior,,2026-10-16 06:14:29.654227,,S142,direct,20,1.0,1.0,20.0,
D0073,R12,탐지 룰 삭제·비활성화,rule,high,2026-10-16 06:19:43.430000,,S142,direct,60,1.0,1.0,60.0,Defense Evasion
D0074,R12,탐지 룰 삭제·비활성화,rule,high,2026-10-16 06:20:15.430000,,S142,direct,60,1.0,1.0,60.0,Defense Evasion
D0075,R13,계정·권한 조작,rule,high,2026-10-16 06:20:47.430000,,S142,direct,60,1.0,1.0,60.0,Impact|Persistence
D0076,R13,계정·권한 조작,rule,high,2026-10-16 06:21:06.430000,,S142,direct,60,1.0,1.0,60.0,Impact|Persistence
