rule_high_med_low,behavior,linked_conf,alert_sessions,alert_count,same_alerts_as_base,top10,top10_overlap_with_base,top4
40/20/5,10,0.5,S122|S132|S137|S142,4,true,S122|S132|S137|S142|S026|S036|S050|S053|S063|S131,10,S122|S132|S137|S142
40/20/5,10,0.8,S122|S132|S137|S142,4,true,S132|S122|S137|S142|S026|S036|S050|S053|S063|S131,10,S122|S132|S137|S142
40/20/5,10,1.0,S122|S132|S137|S142,4,true,S132|S122|S137|S142|S026|S036|S050|S053|S063|S131,10,S122|S132|S137|S142
40/20/5,20,0.5,S122|S132|S137|S142,4,true,S122|S132|S137|S142|S026|S036|S050|S053|S063|S131,10,S122|S132|S137|S142
40/20/5,20,0.8,S122|S132|S137|S142,4,true,S132|S122|S137|S142|S026|S036|S050|S053|S063|S131,10,S122|S132|S137|S142
40/20/5,20,1.0,S122|S132|S137|S142,4,true,S132|S122|S137|S142|S026|S036|S050|S053|S063|S131,10,S122|S132|S137|S142
40/20/5,30,0.5,S122|S132|S137|S142,4,true,S122|S132|S137|S142|S026|S036|S050|S053|S063|S131,10,S122|S132|S137|S142
40/20/5,30,0.8,S122|S132|S137|S142,4,true,S132|S122|S137|S142|S026|S036|S050|S053|S063|S131,10,S122|S132|S137|S142
40/20/5,30,1.0,S122|S132|S137|S142,4,true,S132|S122|S137|S142|S026|S036|S050|S053|S063|S131,10,S122|S132|S137|S142
60/30/10,10,0.5,S122|S132|S137|S142,4,true,S122|S132|S137|S142|S026|S036|S050|S053|S063|S131,10,S122|S132|S137|S142
60/30/10,10,0.8,S122|S132|S137|S142,4,true,S132|S122|S137|S142|S026|S036|S050|S053|S063|S131,10,S122|S132|S137|S142
60/30/10,10,1.0,S122|S132|S137|S142,4,true,S132|S122|S137|S142|S026|S036|S050|S053|S063|S131,10,S122|S132|S137|S142
60/30/10,20,0.5,S122|S132|S137|S142,4,true,S122|S132|S137|S142|S026|S036|S050|S053|S063|S131,10,S122|S132|S137|S142
60/30/10,20,0.8,S122|S132|S137|S142,4,true,S132|S122|S137|S142|S026|S036|S050|S053|S063|S131,10,S122|S132|S137|S142
60/30/10,20,1.0,S122|S132|S137|S142,4,true,S132|S122|S137|S142|S026|S036|S050|S053|S063|S131,10,S122|S132|S137|S142
60/30/10,30,0.5,S122|S132|S137|S142,4,true,S122|S132|S137|S142|S026|S036|S050|S053|S063|S131,10,S122|S132|S137|S142
60/30/10,30,0.8,S122|S132|S137|S142,4,true,S132|S122|S137|S142|S026|S036|S050|S053|S063|S131,10,S122|S132|S137|S142
60/30/10,30,1.0,S122|S132|S137|S142,4,true,S132|S122|S137|S142|S026|S036|S050|S053|S063|S131,10,S122|S132|S137|S142
80/40/20,10,0.5,S122|S132|S137|S142,4,true,S122|S132|S137|S142|S026|S036|S050|S053|S063|S131,10,S122|S132|S137|S142
80/40/20,10,0.8,S122|S132|S137|S142,4,true,S132|S122|S137|S142|S026|S036|S050|S053|S063|S131,10,S122|S132|S137|S142
80/40/20,10,1.0,S122|S132|S137|S142,4,true,S132|S122|S137|S142|S026|S036|S050|S053|S063|S131,10,S122|S132|S137|S142
80/40/20,20,0.5,S122|S132|S137|S142,4,true,S122|S132|S137|S142|S026|S036|S050|S053|S063|S131,10,S122|S132|S137|S142
80/40/20,20,0.8,S122|S132|S137|S142,4,true,S132|S122|S137|S142|S026|S036|S050|S053|S063|S131,10,S122|S132|S137|S142
80/40/20,20,1.0,S122|S132|S137|S142,4,true,S132|S122|S137|S142|S026|S036|S050|S053|S063|S131,10,S122|S132|S137|S142
80/40/20,30,0.5,S122|S132|S137|S142,4,true,S122|S132|S137|S142|S026|S036|S050|S053|S063|S131,10,S122|S132|S137|S142
80/40/20,30,0.8,S122|S132|S137|S142,4,true,S132|S122|S137|S142|S026|S036|S050|S053|S063|S131,10,S122|S132|S137|S142
80/40/20,30,1.0,S122|S132|S137|S142,4,true,S132|S122|S137|S142|S026|S036|S050|S053|S063|S131,10,S122|S132|S137|S142
