id,method,name,condition,attck,severity,data_source,threshold_note
R01,rule,웹 서버 계정의 셸·다운로드 도구 실행,웹 서버 계정이 셸·curl·wget 실행,T1505.003|T1059.004,high,sysmon,
R02,rule,다운로드 후 바로 실행,curl/wget 출력을 셸로 파이프,T1059.004|T1105,high,sysmon,
R03,rule,서버에서 외부로 연결,서버 프로세스의 외부 IP 연결,T1071,medium,sysmon,
R04,rule,비표준 포트로 외부 연결,외부 연결 중 포트가 80·443이 아님,T1571,high,sysmon,
R05,rule,내부 SSH 스캔,sshd 외 프로세스가 5분 안에 내부 서버 3대 이상 22번 연결,T1021.004|T1046,high,sysmon,
R06,rule,임시 폴더의 숨김 파일 생성,/tmp·/var/tmp·/dev/shm 아래 .으로 시작하는 파일,T1564.001,medium,sysmon,
R07,rule,압축 파일 생성,tar/zip/gzip 결과를 임시 폴더에 저장,T1560.001,medium,sysmon,
R08,rule,외부로 파일 업로드,curl/wget이 파일 내용을 전송,T1567|T1048,high,sysmon,
R09,rule,SSH 무차별 대입,같은 IP 1시간 안 로그인 실패 5회 이상,T1110,low,sshd,
R10,rule,실패 뒤 로그인 성공,같은 IP·계정 실패 후 10분 안 로그인 성공,T1110|T1078,medium,sshd,
R11,rule,외부 IP에서 로그인 성공,ssh·콘솔 로그인 성공 IP가 외부,T1078|T1133,medium,sshd|teiren_audit,
R12,rule,탐지 룰 삭제·비활성화,감사로그 detection_config 행위,T1562.001,high,teiren_audit,
R13,rule,계정·권한 조작,감사로그 iam_change 행위,T1098|T1531,high,teiren_audit,
R14,rule,내부 관리 기능 실행,감사로그 admin_exec 행위,T1059,high,teiren_audit,
R15,rule,웹 경로 반복 오류,같은 IP·경로 5분 안 오류 응답 5회 이상,T1190|T1595,medium,nginx,
R16,rule,MFA 없는 최상위 계정 로그인,감사로그 root 로그인 MFA 없음,T1078.004,low,teiren_audit,
B01,behavior,평소와 다른 시작 시각,hour_distance ≥ 2시간,,,hour_distance,≥1h:15.1%; ≥2h:4.8%; ≥3h:2.4%; ≥4h:1.6%; ≥5h:1.6%; ≥6h:1.6%; ≥7h:0.8%
B02,behavior,처음 보는 접속 IP,ip_new = true,T1078,,ip_new,
B03,behavior,평소와 다른 접속 경로,hist_session_type_ratio = 0,,,hist_session_type_ratio,
B04,behavior,처음 보는 로그인 종류,login_types_new 있음,T1078,,login_types_new,
B05,behavior,처음 하는 민감 행위,sensitive_new 있음,,,sensitive_new,
B06,behavior,누구도 쓴 적 없는 명령,cmds_new_global 있음,,,cmds_new_global,
B07,behavior,로그인 전 실패 첫 발생,"failed_before_login > 0, hist_failed_sessions = 0",T1110,,failed_before_login,
B08,behavior,평소보다 많은 양,"_above_max = true (process_count, non_get_count)",,,_above_max,duration_min:13.5%; process_count:2.4%; nginx_count:7.1%; api_count:7.1%; non_get_count:1.6%
B09,behavior,처음 보는 시스템 활동 패턴,"같은 서버·다른 서버 모두 처음, 서버 기록 24시간 이상",,,pattern_seen_before,
