work_session_id,question,item,value,basis
S132,Q1,점수·전술,"424.0점, 전술 5개 (Command and Control|Execution|Initial Access|Persistence|Reconnaissance)",관측
S132,Q1,경보 기준,점수 424 ≥ 100 / 전술 5개 ≥ 3,관측
S132,Q1,R01,"웹 서버 계정의 셸·다운로드 도구 실행 (72.0점, 추정 연결)",추정
S132,Q1,R02,"다운로드 후 바로 실행 (72.0점, 추정 연결)",추정
S132,Q1,R14,"내부 관리 기능 실행 (60.0점, 직접)",관측
S132,Q1,R03,"서버에서 외부로 연결 (36.0점, 추정 연결)",추정
S132,Q1,R11,"외부 IP에서 로그인 성공 (30.0점, 직접)",관측
S132,Q1,R15,"웹 경로 반복 오류 (30.0점, 직접)",관측
S132,Q1,B09,"처음 보는 시스템 활동 패턴 (24.0점, 추정 연결)",추정
S132,Q1,B02,"처음 보는 접속 IP (20.0점, 직접)",관측
S132,Q1,B03,"평소와 다른 접속 경로 (20.0점, 직접)",관측
S132,Q1,B04,"처음 보는 로그인 종류 (20.0점, 직접)",관측
S132,Q1,B05,"처음 하는 민감 행위 (20.0점, 직접)",관측
S132,Q1,B08,"평소보다 많은 양 (20.0점, 직접)",관측
S132,Q2,사람 후보·계정,analyst01 / 리눅스 - / 콘솔 analyst01@lab.internal,추정(동일인 후보)
S132,Q2,과거 세션,"10개, 기준선 person",관측
S132,Q2,시작 시각(KST),이번 14시 / 평소 10~16시 (벗어남 0시간),관측
S132,Q2,세션 종류,이번 web_only / 평소 {'server+web': 10},관측
S132,Q2,직전 세션,S118 10-14 16:44 KST (21.3시간 전),관측
S132,Q3,접속 IP,"198.51.100.77 (external, 문서용 대역 true)",관측
S132,Q3,이 사람의 평소 IP,{'10.20.10.51': 10} → 이번 IP 처음,관측
S132,Q3,IP의 다른 등장,"로그 {'teiren_audit': 10, 'nginx': 9}, 다른 세션 없음, 2026-10-15 05:07 ~ 2026-10-15 05:08",관측
S132,Q4,ssh,ssh 없음,관측
S132,Q4,웹 로그인,IAM_LOGIN_NEW_DEVICE,관측
S132,Q6,생성 파일,/tmp/p.sh,관측(이벤트) / 추정(세션 귀속)
S132,Q6,외부 연결,198.51.100.90:80×1,관측(이벤트) / 추정(세션 귀속)
S132,Q6,계정·설정 변경,DEBUG_EXEC /api/internal/debug/exec,관측
S132,Q6,결과(성공 여부),로그로 알 수 없음: 연결·요청 기록만 있고 전송 내용·결과는 없음,모름
S132,Q7,외부 목적지의 다른 등장,198.51.100.90 0건,관측
S132,Q7,같은 서버·같은 시간 다른 세션,없음,관측
S132,Q7,내부 SSH 연결 대상의 이후 활동,내부 SSH 연결 없음,관측
S132,Q8,데이터 공백,시스템 계정 활동과 이 세션의 연결은 시간·서버 기반 추정,모름
S132,Q8,데이터 공백,탐지된 프로세스 2건의 부모 프로세스 기록 없음 → 어떻게 그 권한·프로세스가 시작됐는지 확인 불가,모름
S132,Q8,데이터 공백,웹 요청과 서버 명령 실행 사이를 잇는 애플리케이션 로그 없음,모름
S132,Q8,데이터 공백,"외부 연결은 연결 사실만 기록, 전송량·내용·성공 여부 없음",모름
S132,Q9,활동 판정,의심 확인,판정
S132,Q9,귀속 판정,관측,판정
S122,Q1,점수·전술,"370.0점, 전술 5개 (Collection|Command and Control|Credential Access|Exfiltration|Initial Access)",관측
S122,Q1,경보 기준,점수 370 ≥ 100 / 전술 5개 ≥ 3,관측
S122,Q1,R08,"외부로 파일 업로드 (90.0점, 직접)",관측
S122,Q1,R10,"실패 뒤 로그인 성공 (45.0점, 직접)",관측
S122,Q1,R11,"외부 IP에서 로그인 성공 (45.0점, 직접)",관측
S122,Q1,R07,"압축 파일 생성 (45.0점, 직접)",관측
S122,Q1,R03,"서버에서 외부로 연결 (45.0점, 직접)",관측
S122,Q1,B01,"평소와 다른 시작 시각 (20.0점, 직접)",관측
S122,Q1,B02,"처음 보는 접속 IP (20.0점, 직접)",관측
S122,Q1,B03,"평소와 다른 접속 경로 (20.0점, 직접)",관측
S122,Q1,B06,"누구도 쓴 적 없는 명령 (20.0점, 직접)",관측
S122,Q1,B07,"로그인 전 실패 첫 발생 (20.0점, 직접)",관측
S122,Q2,사람 후보·계정,dev02 / 리눅스 dev02 / 콘솔 -,추정(동일인 후보)
S122,Q2,과거 세션,"13개, 기준선 person",관측
S122,Q2,시작 시각(KST),이번 3시 / 평소 10~18시 (벗어남 7시간),관측
S122,Q2,세션 종류,이번 server_only / 평소 {'server+web': 13},관측
S122,Q2,직전 세션,S120 10-14 18:09 KST (8.4시간 전),관측
S122,Q3,접속 IP,"203.0.113.44 (external, 문서용 대역 true)",관측
S122,Q3,이 사람의 평소 IP,{'10.20.10.12': 13} → 이번 IP 처음,관측
S122,Q3,IP의 다른 등장,"로그 {'sshd': 11}, 다른 세션 없음, 2026-10-14 18:11 ~ 2026-10-14 18:27",관측
S122,Q4,ssh,"성공 1 (publickey), 직전 실패 3회",관측
S122,Q4,웹 로그인,없음,관측
S122,Q6,생성 파일,/var/tmp/src-bundle.tgz,관측
S122,Q6,외부 연결,203.0.113.80:443×1,관측
S122,Q6,계정·설정 변경,없음,관측
S122,Q6,결과(성공 여부),로그로 알 수 없음: 연결·요청 기록만 있고 전송 내용·결과는 없음,모름
S122,Q7,외부 목적지의 다른 등장,203.0.113.80 0건,관측
S122,Q7,같은 서버·같은 시간 다른 세션,없음,관측
S122,Q7,내부 SSH 연결 대상의 이후 활동,내부 SSH 연결 없음,관측
S122,Q8,데이터 공백,bastion-01에서 담당 서버로 넘어간 ssh 기록 없음 (bastion-01 외 sshd 미수집),모름
S122,Q8,데이터 공백,탐지된 프로세스 2건의 부모 프로세스 기록 없음 → 어떻게 그 권한·프로세스가 시작됐는지 확인 불가,모름
S122,Q8,데이터 공백,"외부 연결은 연결 사실만 기록, 전송량·내용·성공 여부 없음",모름
S122,Q9,활동 판정,의심 확인,판정
S122,Q9,귀속 판정,관측,판정
S137,Q1,점수·전술,"248.0점, 전술 5개 (Command and Control|Defense Evasion|Discovery|Execution|Lateral Movement)",관측
S137,Q1,경보 기준,점수 248 ≥ 100 / 전술 5개 ≥ 3,관측
S137,Q1,R02,"다운로드 후 바로 실행 (48.0점, 추정 연결)",추정
S137,Q1,R05,"내부 SSH 스캔 (48.0점, 추정 연결)",추정
S137,Q1,R04,"비표준 포트로 외부 연결 (48.0점, 추정 연결)",추정
S137,Q1,R03,"서버에서 외부로 연결 (24.0점, 추정 연결)",추정
S137,Q1,R06,"임시 폴더의 숨김 파일 생성 (24.0점, 추정 연결)",추정
S137,Q1,B01,"평소와 다른 시작 시각 (20.0점, 직접)",관측
S137,Q1,B03,"평소와 다른 접속 경로 (20.0점, 직접)",관측
S137,Q1,B09,"처음 보는 시스템 활동 패턴 (16.0점, 추정 연결)",추정
S137,Q2,사람 후보·계정,ops02 / 리눅스 ops02 / 콘솔 -,추정(동일인 후보)
S137,Q2,과거 세션,"15개, 기준선 person",관측
S137,Q2,시작 시각(KST),이번 2시 / 평소 8~16시 (벗어남 6시간),관측
S137,Q2,세션 종류,이번 server_only / 평소 {'server+web': 15},관측
S137,Q2,직전 세션,S130 10-15 11:47 KST (14.6시간 전),관측
S137,Q3,접속 IP,"10.20.10.22 (user_pc, 문서용 대역 false)",관측
S137,Q3,이 사람의 평소 IP,{'10.20.10.22': 15} → 이번 IP 평소와 같음,관측
S137,Q3,IP의 다른 등장,"로그 {'sshd': 136, 'teiren_audit': 48, 'nginx': 253}, 다른 세션 ['S005', 'S017', 'S035', 'S043', 'S044', 'S061', 'S063', 'S065', 'S078', 'S091', 'S092', 'S106', 'S110', 'S123', 'S130', 'S141'], 2026-10-01 05:42 ~ 2026-10-16 06:48",관측
S137,Q4,ssh,"성공 1 (publickey), 직전 실패 0회",관측
S137,Q4,웹 로그인,없음,관측
S137,Q6,생성 파일,/var/tmp/.x2mr,관측(이벤트) / 추정(세션 귀속)
S137,Q6,외부 연결,"203.0.113.90:80×1, 198.51.100.10:4444×1",관측(이벤트) / 추정(세션 귀속)
S137,Q6,계정·설정 변경,없음,관측
S137,Q6,결과(성공 여부),로그로 알 수 없음: 연결·요청 기록만 있고 전송 내용·결과는 없음,모름
S137,Q7,외부 목적지의 다른 등장,"203.0.113.90 0건, 198.51.100.10 0건",관측
S137,Q7,같은 서버·같은 시간 다른 세션,없음,관측
S137,Q7,내부 SSH 연결 대상의 이후 활동,bastion-01: 이후 처음 보는 활동 0건; app-01: 이후 처음 보는 활동 0건; web-01: 이후 처음 보는 활동 0건,"관측 (단, 대상 서버의 sshd는 bastion-01 외 미수집)"
S137,Q8,데이터 공백,bastion-01에서 담당 서버로 넘어간 ssh 기록 없음 (bastion-01 외 sshd 미수집),모름
S137,Q8,데이터 공백,시스템 계정 활동과 이 세션의 연결은 시간·서버 기반 추정,모름
S137,Q8,데이터 공백,탐지된 프로세스 2건의 부모 프로세스 기록 없음 → 어떻게 그 권한·프로세스가 시작됐는지 확인 불가,모름
S137,Q8,데이터 공백,"외부 연결은 연결 사실만 기록, 전송량·내용·성공 여부 없음",모름
S137,Q9,활동 판정,의심 확인,판정
S137,Q9,귀속 판정,추정,판정
S142,Q1,점수·전술,"160.0점, 전술 3개 (Defense Evasion|Impact|Persistence)",관측
S142,Q1,경보 기준,점수 160 ≥ 100 / 전술 3개 ≥ 3,관측
S142,Q1,R12,"탐지 룰 삭제·비활성화 (60.0점, 직접)",관측
S142,Q1,R13,"계정·권한 조작 (60.0점, 직접)",관측
S142,Q1,B05,"처음 하는 민감 행위 (20.0점, 직접)",관측
S142,Q1,B08,"평소보다 많은 양 (20.0점, 직접)",관측
S142,Q2,사람 후보·계정,intern01 / 리눅스 intern01 / 콘솔 intern01@lab.internal,추정(동일인 후보)
S142,Q2,과거 세션,"11개, 기준선 person",관측
S142,Q2,시작 시각(KST),이번 15시 / 평소 10~15시 (벗어남 0시간),관측
S142,Q2,세션 종류,이번 server+web / 평소 {'server+web': 11},관측
S142,Q2,직전 세션,S126 10-15 10:40 KST (28.4시간 전),관측
S142,Q3,접속 IP,"10.20.10.61 (user_pc, 문서용 대역 false)",관측
S142,Q3,이 사람의 평소 IP,{'10.20.10.61': 11} → 이번 IP 평소와 같음,관측
S142,Q3,IP의 다른 등장,"로그 {'sshd': 104, 'teiren_audit': 41, 'nginx': 194}, 다른 세션 ['S006', 'S012', 'S034', 'S038', 'S057', 'S071', 'S079', 'S094', 'S102', 'S116', 'S126'], 2026-10-01 06:46 ~ 2026-10-16 06:33",관측
S142,Q4,ssh,"성공 2 (publickey), 직전 실패 0회",관측
S142,Q4,웹 로그인,"IAM_LOGIN_SUCCESS, IAM_LOGIN_SUCCESS",관측
S142,Q6,생성 파일,/tmp/health-656423,관측(이벤트) / 추정(세션 귀속)
S142,Q6,외부 연결,없음,관측(이벤트) / 추정(세션 귀속)
S142,Q6,계정·설정 변경,"RULE_DELETE /api/threat/rule/exfil-watch, RULE_DELETE /api/threat/rule/night-ssh, IAM_POLICY_DETACH /api/account/sub_account/intern01/policy, IAM_USER_DELETE /api/account/sub_account/web01/detail",관측
S142,Q6,결과(성공 여부),로그로 알 수 없음: 연결·요청 기록만 있고 전송 내용·결과는 없음,모름
S142,Q7,외부 목적지의 다른 등장,외부 연결 없음,관측
S142,Q7,같은 서버·같은 시간 다른 세션,"S143(dev02), S144(dev01)",관측
S142,Q7,내부 SSH 연결 대상의 이후 활동,내부 SSH 연결 없음,관측
S142,Q8,데이터 공백,bastion-01에서 담당 서버로 넘어간 ssh 기록 없음 (bastion-01 외 sshd 미수집),모름
S142,Q9,활동 판정,의심 확인,판정
S142,Q9,귀속 판정,관측,판정
